id,net_num,dengue_risk,income,health,household,temperature,resistance,rainfall
1,0,40,419,46,5,31.2,52,30
2,3,34,526,42,6,33.3,65,198
3,0,43,1033,62,2,26.8,70,308
4,0,50,809,28,2,22.2,64,226
5,0,50,711,49,4,26.2,57,282
6,0,37,985,61,5,28.8,59,182
7,2,0,1661,77,5,22.9,36,114
8,1,13,1604,91,1,27,54,188
9,2,46,399,22,5,23.9,59,233
10,0,28,1215,53,5,26.5,24,171
11,3,32,695,26,7,26,41,102
12,1,17,1219,73,2,20.9,44,222
13,2,36,501,52,4,28.2,35,343
14,1,26,897,59,2,23.3,19,248
15,0,26,1087,70,6,28,58,360
16,3,0,1678,94,7,25.5,37,40
17,2,15,1005,93,5,22.8,75,112
18,2,36,712,45,4,29.8,24,281
19,0,36,1061,54,2,24.6,46,218
20,0,56,371,28,3,24.9,45,230
21,0,44,714,42,3,25.9,35,255
22,2,0,1688,73,3,27.3,30,228
23,1,0,1394,54,2,19.7,66,58
24,1,1,1744,71,2,22.9,42,242
25,2,0,1792,82,4,26.6,32,229
26,2,0,1800,87,3,23.7,40,178
27,2,13,1533,60,5,22.2,72,164
28,0,54,607,39,4,21.6,67,77
29,0,28,822,67,2,23.9,35,96
30,0,47,877,48,5,30.6,26,314
31,2,21,1196,49,3,24.6,46,144
32,2,22,994,52,3,23.9,59,223
33,0,48,589,33,3,23.6,47,65
34,0,18,1195,51,4,20.8,42,75
35,0,41,845,65,3,28.8,59,228
36,0,44,906,47,2,25.1,69,139
37,2,22,1237,43,4,25.1,48,209
38,0,44,709,40,5,24.1,35,128
39,1,10,1375,67,2,23,46,239
40,1,45,621,46,2,26.3,49,278
41,2,22,1054,69,4,21.8,45,127
42,2,13,1113,58,3,24.2,51,228
43,0,37,799,53,3,27.5,42,177
44,2,32,724,58,5,21.9,44,352
45,2,7,1616,74,5,26.6,35,385
46,2,0,1673,83,3,25.7,42,122
47,2,19,1246,51,3,25.5,58,327
48,0,31,1007,49,5,26.9,30,136
49,3,0,1800,72,7,24.9,49,121
50,0,50,902,37,6,23.6,53,318
51,2,0,1800,94,4,26.8,52,264
52,2,0,1800,73,5,20.2,30,134
53,0,2,1800,74,5,24.4,60,154
54,2,3,1096,81,5,22.1,28,215
55,0,52,446,35,3,19.6,32,277
56,2,33,738,48,5,26.4,48,189
57,0,54,574,43,4,25.4,56,165
58,2,16,1162,43,5,24.1,34,216
59,0,23,1154,83,5,21.2,52,189
60,0,53,702,36,3,15,50,111
61,3,21,1043,58,6,33,37,299
62,3,0,1800,63,6,21.5,42,104
63,1,0,1800,64,2,25.2,30,162
64,0,45,802,45,4,28.6,60,294
65,0,29,851,52,5,20,58,145
66,0,16,1209,60,7,26.5,34,110
67,3,1,1677,83,6,22.3,55,276
68,2,9,1220,80,5,24.4,34,259
69,0,57,382,44,3,23.8,66,204
70,2,27,1026,46,5,23.3,53,266
71,2,20,1142,59,4,23.3,66,202
72,2,41,737,40,3,27.8,38,247
73,2,38,463,57,3,25.9,65,297
74,0,31,918,52,3,25.3,48,215
75,0,26,1624,43,2,33,56,85
76,0,48,653,50,3,27.2,46,94
77,3,25,688,49,6,25,36,159
78,3,22,685,57,7,25.8,50,226
79,0,58,626,1,3,33.5,34,165
80,0,43,803,23,3,19,43,259
81,0,45,982,41,4,26.2,36,217
82,0,19,1106,68,1,23.4,32,186
83,0,48,739,60,5,28.4,28,256
84,0,44,687,30,1,24.4,64,128
85,0,46,561,47,3,20.5,38,251
86,1,13,1206,84,2,23.2,49,182
87,0,36,808,43,5,19.7,72,245
88,3,50,615,28,8,24.8,47,277
89,2,10,1381,62,3,15.3,44,102
90,0,44,635,53,2,25.3,31,160
91,0,39,835,65,3,19.5,57,345
92,0,51,519,39,4,29.5,50,247
93,2,45,626,51,5,31.7,50,268
94,0,29,1045,59,8,17.8,50,153
95,0,35,818,27,3,15.2,25,98
96,0,32,877,61,4,22,37,144
97,0,35,1531,58,4,26.1,47,308
98,0,61,565,40,2,31.9,66,133
99,0,48,750,39,1,25.3,54,226
100,0,54,502,39,5,20,44,186
101,0,55,450,44,3,24.2,35,306
102,0,53,528,30,3,21.8,30,370
103,2,44,605,39,5,21.5,75,222
104,0,40,1078,46,2,22.2,39,137
105,2,20,924,60,3,23.9,47,226
106,2,32,840,67,4,25.6,42,280
107,0,24,1250,44,4,25.7,47,73
108,0,65,455,19,3,24,33,249
109,2,15,1309,47,3,27.6,38,233
110,0,48,610,38,4,23.1,55,216
111,2,49,542,29,5,28.7,45,181
112,2,32,840,51,4,27.2,46,221
113,2,35,722,42,5,22.5,36,174
114,0,1,1800,58,4,22.6,43,107
115,2,2,1800,52,3,21.1,56,229
116,0,44,921,45,4,28.2,48,307
117,2,33,749,59,5,26.4,57,111
118,2,4,1401,51,3,22.4,45,82
119,2,26,796,53,4,21.7,40,182
120,0,53,553,52,3,29.8,40,183
121,0,30,967,47,2,25.3,41,30
122,0,41,765,38,2,23.3,31,128
123,2,18,1073,54,3,16.1,46,353
124,2,19,1199,57,5,22.7,5,251
125,2,13,1362,52,4,25.6,53,170
126,0,54,548,54,2,23.7,57,291
127,0,19,1181,58,5,19.1,44,163
128,0,47,685,37,3,20.8,40,232
129,2,4,1412,70,4,19.6,38,194
130,2,20,1101,68,3,25.5,61,316
131,2,37,646,69,4,18.2,45,347
132,0,48,659,42,3,25.1,46,227
133,3,28,686,56,6,21.7,46,164
134,0,42,676,44,1,21,39,175
135,3,7,1326,39,6,22.8,28,144
136,0,51,470,73,3,20.8,69,353
137,0,28,1211,59,2,21,49,222
138,2,41,832,41,3,25.9,47,281
139,0,47,839,29,7,24,38,201
140,0,49,673,42,7,19.1,32,316
141,0,45,376,48,3,21.9,31,177
142,3,0,1622,64,8,25.8,60,123
143,3,44,518,15,6,25,64,234
144,0,36,634,48,5,19.1,36,202
145,0,42,1026,36,5,31.4,69,105
146,1,44,952,46,2,22.6,63,448
147,1,17,1360,56,2,23.4,36,130
148,0,34,852,76,4,22.8,37,220
149,3,32,645,42,8,23.5,41,243
150,0,45,760,39,3,24,41,179
151,0,50,625,47,4,27.8,54,159
152,0,62,434,35,4,23.7,36,283
153,0,30,1179,38,4,26.9,58,165
154,1,3,1727,83,2,20.5,71,253
155,0,26,1023,65,2,22.7,64,319
156,0,8,1341,65,4,19.3,47,232
157,0,61,346,21,5,29.6,73,216
158,0,33,978,43,3,29.3,33,171
159,2,3,1800,67,3,24.8,57,245
160,0,48,497,34,1,17.5,35,226
161,1,21,1255,61,2,29.2,62,30
162,0,41,649,40,3,20.7,63,165
163,0,32,851,39,4,21.5,69,92
164,0,37,576,61,3,23,53,186
165,0,43,847,48,4,19.3,35,274
166,2,41,490,33,4,18.3,63,78
167,0,21,1019,76,2,20.6,29,206
168,2,36,381,56,3,23,56,268
169,0,49,703,25,5,25,40,224
170,2,5,1800,72,3,29,60,209
171,0,29,1031,47,7,28.3,37,218
172,1,40,912,66,1,34.3,63,318
173,0,50,664,39,4,22.9,35,235
174,0,32,1031,64,2,26.1,39,233
175,0,46,720,46,6,20,66,327
176,3,5,1800,64,6,31.6,45,207
177,0,28,1343,64,4,24.4,54,319
178,2,0,1800,81,4,22.6,26,215
179,0,43,886,50,5,29.2,57,257
180,0,42,794,60,3,18.5,57,186
181,2,20,1200,65,4,23.7,48,156
182,0,55,561,32,3,26.5,56,160
183,0,42,521,37,4,28.1,40,145
184,2,21,880,55,4,18.1,32,146
185,2,26,883,62,5,24.4,54,212
186,0,53,694,40,1,20,91,248
187,2,16,1386,64,5,23.9,64,402
188,0,49,661,60,3,23.7,59,249
189,0,37,896,43,3,22.5,70,153
190,0,39,873,63,8,25.8,40,214
191,0,29,977,55,4,28.7,42,179
192,2,49,827,44,3,21.5,53,293
193,1,10,923,79,1,27.2,17,161
194,2,36,816,46,3,28.8,39,269
195,3,1,1800,66,8,24.2,65,164
196,0,39,991,46,1,16,80,414
197,0,19,1160,69,7,20.7,36,264
198,3,10,1172,64,7,26.4,42,112
199,1,36,657,61,2,21.8,33,164
200,0,40,870,37,1,23.3,49,264
201,2,21,1311,45,5,28.4,56,269
202,0,33,800,66,4,28.1,60,253
203,2,18,1190,51,3,23.7,37,224
204,1,10,1670,58,2,22.6,71,157
205,1,33,823,61,1,24.7,41,282
206,0,40,638,53,2,30.2,48,93
207,3,30,745,40,7,22,46,238
208,0,45,993,30,4,26.9,28,189
209,0,56,537,29,1,26.9,43,190
210,3,7,1495,54,7,27.7,52,164
211,0,41,832,64,3,26.7,56,303
212,0,43,899,59,4,27,72,209
213,3,21,958,42,6,29.3,42,32
214,3,34,604,41,8,20.6,50,156
215,0,53,600,42,2,21.3,56,299
216,3,17,977,62,8,27.3,56,279
217,2,41,769,20,5,30.7,41,249
218,0,18,1414,77,3,23.3,43,322
219,3,24,690,55,7,18.8,49,46
220,2,29,1275,71,3,19.4,70,288
221,2,24,865,58,3,24.2,31,194
222,0,8,1619,87,5,21.5,34,215
223,0,41,617,32,2,22.7,14,126
224,0,34,938,66,2,27.5,51,277
225,2,11,967,69,4,26.9,34,46
226,0,55,514,53,3,23.4,48,202
227,2,8,1197,64,3,25.5,25,234
228,2,33,897,53,4,23.8,57,212
229,0,49,770,39,3,22.4,54,228
230,2,38,767,47,5,31.3,39,176
231,2,0,1800,59,4,18.5,40,255
232,0,46,697,30,3,18.2,27,160
233,1,24,1099,68,2,21.5,60,232
234,0,35,928,49,5,18.6,39,189
235,2,17,1060,60,5,22.9,37,72
236,3,21,1131,57,8,32,59,91
237,0,52,436,47,4,27.4,19,221
238,0,29,1026,54,3,27.4,43,103
239,3,0,1463,59,7,24.8,38,167
240,3,31,668,56,6,17.6,71,96
241,0,47,385,42,3,16,41,236
242,1,9,1797,78,2,27.8,71,228
243,0,51,554,28,1,21.9,63,143
244,2,11,1314,70,4,22.1,55,176
245,0,35,928,40,3,23.7,47,102
246,2,40,387,51,4,18.4,40,284
247,0,4,1800,69,4,22.2,47,186
248,0,46,566,28,3,20,36,200
249,0,47,573,56,3,27,45,266
250,0,58,257,53,1,28.9,31,206
251,0,49,808,38,5,30.3,42,256
252,0,29,961,78,4,23.2,18,54
253,0,24,972,62,3,22,27,149
254,0,63,464,20,4,31.3,50,138
255,0,50,700,33,4,27.4,22,133
256,0,34,582,63,2,25.4,29,97
257,0,43,400,33,7,26.9,64,35
258,0,52,596,30,4,22.9,45,192
259,0,31,1150,40,5,25.6,72,281
260,1,54,618,29,1,34.5,27,135
261,1,30,918,59,2,30.9,20,230
262,0,28,1134,50,6,24.1,63,143
263,3,39,441,38,6,25.7,63,150
264,0,50,811,33,4,22.9,68,180
265,0,33,1110,61,5,23.7,36,321
266,1,17,1316,58,2,25,31,107
267,0,38,965,42,3,22.9,66,47
268,3,39,579,34,8,29.1,8,94
269,2,8,1150,59,4,23.4,47,148
270,2,25,958,55,5,23.1,34,282
271,3,35,471,53,6,20.5,34,213
272,2,0,1800,84,4,23.8,50,178
273,0,33,971,27,5,18.1,43,202
274,0,33,958,39,3,20.3,51,305
275,0,46,910,44,8,31.3,21,368
276,0,28,1007,56,1,23.8,65,225
277,2,37,767,43,5,25.7,65,134
278,0,34,920,58,1,24.7,36,284
279,2,40,600,32,5,19.3,77,167
280,2,14,941,63,5,21.4,25,203
281,3,41,654,37,7,22.4,67,43
282,0,45,800,47,5,19.2,37,249
283,0,41,657,59,2,24.3,27,330
284,2,30,1069,31,4,20.8,34,249
285,0,43,621,50,3,24.3,43,179
286,0,46,758,55,2,27.2,48,165
287,0,41,1241,37,3,26.9,48,268
288,3,24,929,45,7,25.8,21,227
289,0,45,828,30,3,19.8,62,217
290,3,35,317,27,8,18.2,44,303
291,1,43,526,32,2,23.7,34,181
292,0,59,665,26,7,24.6,42,172
293,0,61,489,7,2,25.3,57,92
294,0,50,507,37,3,18.2,71,185
295,0,40,947,47,3,28.9,42,298
296,2,33,813,53,4,28.1,68,184
297,0,40,732,34,4,20,62,30
298,2,17,1187,58,3,24.1,46,266
299,3,46,609,23,8,22.3,57,329
300,3,0,1430,78,8,20.2,32,274
301,0,16,1411,59,7,24.1,49,128
302,0,38,883,51,4,22.8,43,142
303,3,27,532,53,7,25.4,30,154
304,0,48,763,50,8,27.4,28,146
305,0,39,865,63,4,30.7,36,227
306,2,28,1253,58,3,23.7,72,254
307,0,36,841,62,7,25.9,36,292
308,0,40,844,49,2,22.2,52,132
309,0,53,788,49,6,35,63,203
310,0,48,928,37,4,23.2,69,211
311,2,43,600,33,5,26.3,47,126
312,1,29,1100,32,2,28.8,33,245
313,0,49,535,38,4,25.8,41,219
314,0,53,860,34,4,24.4,62,280
315,0,44,845,27,2,15.6,40,270
316,0,37,1288,52,3,26.4,62,204
317,0,46,967,59,3,22.9,36,210
318,1,0,1760,80,1,18.4,48,111
319,1,23,1597,62,2,27.8,67,284
320,0,48,628,27,2,23.1,41,228
321,0,43,731,59,4,29.1,41,184
322,0,51,500,58,3,18.4,47,337
323,2,28,799,49,4,26.4,64,132
324,3,44,543,29,6,23,46,324
325,2,26,815,46,4,24.5,46,123
326,0,50,760,53,5,18.9,67,207
327,0,30,1357,40,2,24.5,60,249
328,0,64,569,29,4,24.9,79,106
329,2,20,612,75,5,20.4,42,166
330,2,6,1402,81,3,22.6,49,212
331,3,19,667,54,6,27.5,43,39
332,0,51,470,36,3,27.4,38,170
333,3,6,1104,58,6,21.1,50,30
334,0,33,1197,58,3,23.6,65,229
335,0,45,778,51,5,25.7,62,217
336,0,52,588,46,2,22.6,37,283
337,1,19,1217,62,1,25.1,48,30
338,0,45,830,40,5,18.2,15,158
339,0,41,668,53,4,22.4,52,174
340,0,53,534,43,3,30.7,35,30
341,0,60,544,19,4,26.2,55,246
342,3,28,676,37,6,19.8,55,55
343,0,36,918,32,5,20.8,39,125
344,2,40,694,31,5,23.4,39,199
345,0,64,373,18,2,26.8,33,199
346,2,17,1322,73,5,27.2,45,206
347,0,51,838,34,4,27.4,43,184
348,2,39,450,23,3,21.9,48,182
349,3,41,526,38,7,22.9,56,175
350,0,57,288,44,4,26.8,72,196
351,0,44,1038,36,6,27.7,69,295
352,3,24,613,63,8,19.6,29,213
353,0,29,1165,56,3,25,40,236
354,0,28,1071,53,2,29.3,31,105
355,2,47,487,44,5,20.9,45,328
356,0,37,945,48,4,23.7,50,198
357,0,24,1013,76,2,23.1,40,152
358,1,26,1177,56,2,21,27,211
359,3,18,920,55,6,24,42,228
360,2,17,1275,45,4,20.4,43,166
361,2,10,1027,67,5,18.3,59,145
362,0,32,1092,41,4,22.7,65,160
363,0,76,312,9,3,29.3,60,194
364,3,28,819,48,7,28.8,39,366
365,0,39,804,51,3,25.1,52,170
366,2,19,1152,54,4,24.9,51,232
367,0,41,686,42,3,22.7,54,156
368,0,47,676,47,4,22.6,35,284
369,1,2,1525,86,2,24.1,52,154
370,0,45,705,37,8,19.3,56,370
371,3,40,689,39,7,22.9,48,245
372,0,59,501,30,2,24.6,40,165
373,0,57,361,19,2,25.6,50,196
374,0,45,757,46,2,23.6,49,207
375,3,49,472,23,8,25.3,46,189
376,2,11,1283,76,5,19.1,43,296
377,0,23,950,69,2,21.7,65,135
378,0,39,827,49,5,27.4,29,188
379,2,36,604,40,4,16.4,63,167
380,0,42,828,40,2,23.1,62,221
381,0,30,997,51,6,23.5,45,66
382,3,29,616,44,6,20.8,48,177
383,2,17,1076,55,4,20,42,127
384,2,29,1072,73,4,28.4,55,148
385,2,36,838,41,4,23.3,69,271
386,0,35,948,46,5,27.2,50,156
387,2,17,1394,68,3,29.6,56,274
388,0,62,372,39,4,19,52,274
389,2,19,1011,53,4,17.9,39,184
390,0,58,618,14,4,20.8,31,119
391,0,51,602,58,2,28.2,53,253
392,1,16,1120,66,1,23.6,26,166
393,3,0,1800,81,6,19.8,29,289
394,0,39,1038,38,3,28.1,49,403
395,0,55,774,29,4,23.8,29,209
396,3,37,567,60,6,24.9,50,208
397,0,46,1019,35,2,25,91,232
398,0,50,374,48,4,25.1,28,245
399,2,25,925,66,4,27.5,48,402
400,0,54,544,29,8,23.5,44,172
401,0,47,558,61,3,24.8,58,155
402,0,62,451,29,2,24.4,66,255
403,0,26,990,53,2,29.2,31,130
404,2,27,906,50,3,26,45,176
405,3,21,1089,56,6,25,47,264
406,3,31,625,63,8,31.4,54,325
407,0,41,1026,54,7,22.3,79,435
408,2,0,1800,72,4,27.9,42,30
409,1,34,958,59,1,22.3,28,191
410,0,36,1137,61,3,22.1,66,222
411,2,33,725,71,3,27.4,56,133
412,2,47,633,16,5,23.6,63,269
413,0,52,735,36,1,33.9,39,285
414,2,27,876,61,3,24.4,43,223
415,0,66,692,33,4,22.5,69,327
416,0,59,659,36,3,24,60,326
417,3,0,1153,76,6,24.7,32,95
418,3,30,482,39,6,15,17,299
419,3,35,575,45,8,25.8,59,237
420,2,26,824,68,3,19.9,52,172
421,0,39,540,59,1,23.8,44,162
422,2,25,917,36,4,24.7,57,244
423,3,0,1495,83,6,23.6,45,147
424,0,48,789,40,4,27.2,49,74
425,3,25,1176,50,6,25.6,73,163
426,0,45,770,52,2,28.1,55,193
427,0,34,975,67,5,24.4,43,176
428,2,22,799,63,4,22.2,44,155
429,2,6,1329,80,3,28,26,103
430,2,24,855,71,5,27.1,13,187
431,2,32,898,50,3,28.2,52,244
432,0,57,445,28,2,25.5,63,263
433,0,46,623,27,1,17.2,46,342
434,2,9,1451,57,3,23.4,48,251
435,0,39,618,46,2,25.5,28,158
436,2,0,1784,79,5,20.4,31,274
437,0,51,380,41,2,30,64,163
438,2,0,1800,80,3,24.7,44,140
439,2,35,693,48,5,22.6,32,293
440,3,34,438,57,6,24.5,53,183
441,0,47,424,46,5,21.6,53,133
442,3,29,1002,49,6,21.4,71,266
443,0,15,1635,59,5,23.8,75,30
444,3,21,799,60,6,20.1,19,187
445,0,39,979,67,3,22.1,31,213
446,0,58,479,27,3,18.6,56,180
447,2,17,1259,50,4,26.7,28,208
448,2,0,1800,68,3,24.2,37,306
449,2,24,1170,36,5,25.2,22,142
450,1,48,717,42,2,19.2,73,194
451,2,23,973,77,3,22.1,60,230
452,0,24,901,69,3,15,44,238
453,1,22,809,61,2,19.7,60,220
454,0,46,658,67,4,23.8,47,282
455,2,20,1180,49,5,24.6,45,217
456,0,26,1067,58,3,20.2,30,177
457,0,37,925,37,5,24.1,35,249
458,3,4,1365,73,6,27.4,50,352
459,0,53,636,32,4,28.4,56,165
460,0,35,1018,58,2,21.8,56,195
461,0,48,892,39,3,25.3,49,218
462,0,1,1800,67,3,21,20,115
463,0,24,698,63,8,18.7,55,208
464,0,48,578,37,3,29.9,44,30
465,0,45,769,55,4,19,59,203
466,0,38,788,38,4,16.7,30,253
467,2,9,1294,72,5,20.2,50,138
468,0,32,1112,65,3,22.4,72,286
469,1,17,1085,53,2,22.2,50,206
470,0,52,572,32,3,19.4,53,250
471,3,51,476,17,6,26.5,67,238
472,3,24,620,50,7,15,69,96
473,2,26,975,60,3,24,58,273
474,0,26,945,79,2,29.4,36,177
475,0,50,715,52,5,24.1,59,132
476,1,27,936,49,2,22.2,49,265
477,0,47,550,38,2,22.9,42,100
478,0,50,579,37,3,23.9,10,164
479,0,47,854,39,3,26.8,45,214
480,2,33,573,36,3,18.9,52,115
481,0,43,741,35,2,19.7,28,272
482,0,18,1353,53,7,20.2,55,227
483,2,24,824,52,4,19.6,50,288
484,0,36,1008,24,7,28.9,42,131
485,3,20,518,67,6,24.7,52,46
486,1,41,789,61,2,32.4,62,167
487,1,35,849,58,1,23.3,44,311
488,0,62,414,45,1,23.1,53,158
489,0,30,965,54,3,20,34,129
490,0,33,1087,56,3,21.2,47,234
491,0,10,1567,75,8,26.9,42,175
492,0,58,520,46,3,33.5,61,181
493,2,29,566,50,4,22.6,51,258
494,0,42,716,44,4,20.2,55,188
495,1,46,694,36,2,25.5,62,243
496,2,4,1421,77,5,21.4,51,319
497,2,0,1800,74,4,26.4,41,173
498,0,46,617,41,2,19.8,35,139
499,0,44,596,51,3,29.9,33,47
500,0,32,1049,40,7,25.3,35,120
501,0,41,904,50,4,25.3,39,280
502,0,56,405,27,4,22,31,55
503,0,41,799,43,8,21.1,60,166
504,2,42,495,30,4,15.5,30,147
505,0,42,726,60,7,22,56,212
506,2,14,1331,62,5,21.1,57,249
507,2,17,1281,56,4,27.5,62,119
508,2,44,972,42,5,26,76,357
509,1,48,573,41,1,20.3,82,118
510,1,0,1513,66,2,16.4,37,157
511,2,5,1248,69,3,23.6,44,183
512,0,45,698,45,4,28.7,33,208
513,0,50,437,54,2,26,21,153
514,2,25,1104,44,5,22.8,61,325
515,3,1,1619,60,6,25.4,33,165
516,1,31,908,48,2,22.4,30,173
517,0,36,749,58,3,28.1,50,93
518,1,21,1215,46,2,31.4,38,215
519,2,1,1800,76,3,26.5,51,186
520,0,51,619,34,3,19.7,52,240
521,0,44,559,44,3,17.4,48,343
522,2,32,776,35,5,24.8,63,126
523,2,42,507,41,3,24.4,48,203
524,2,34,935,62,3,24.8,47,183
525,1,46,613,55,2,15,61,184
526,2,16,1001,64,3,23.7,48,241
527,2,0,1591,100,4,22.7,62,167
528,2,16,1249,55,3,25.2,77,230
529,0,40,1090,46,4,26.2,37,200
530,0,45,806,50,7,22.5,35,319
531,0,30,756,50,5,17.2,36,169
532,0,52,507,40,4,21.2,66,301
533,0,56,383,42,3,28.5,51,148
534,3,2,1445,56,8,23,39,263
535,0,48,713,39,5,24.4,45,190
536,2,5,1159,66,3,28.9,31,110
537,0,22,1409,58,3,27,17,186
538,0,15,1556,46,2,28.7,48,167
539,0,28,923,55,3,27.7,59,148
540,2,30,768,39,3,19.3,22,230
541,0,50,673,48,2,20.7,50,176
542,3,20,969,56,6,26.8,41,183
543,2,14,1546,49,3,24.4,60,173
544,0,46,600,27,3,24.3,50,117
545,2,32,620,49,4,24.8,36,85
546,2,0,1800,70,3,28.5,52,178
547,2,16,914,60,5,16.1,50,128
548,3,32,674,46,8,23.2,41,257
549,0,41,832,44,2,23.7,42,210
550,1,28,1171,64,1,28.3,72,182
551,0,49,479,39,4,27.4,43,216
552,0,50,680,22,2,24.3,70,44
553,2,1,1208,66,3,21.1,42,172
554,2,37,542,55,5,23.8,70,166
555,0,30,1244,61,1,34.5,62,214
556,0,44,661,49,1,27.7,51,228
557,3,26,948,39,7,26.8,51,176
558,0,31,1018,40,5,27.5,37,111
559,2,16,1020,72,5,22.2,56,277
560,0,54,367,26,7,26.1,54,108
561,0,48,588,33,3,32.8,25,218
562,0,28,1393,57,2,26.7,59,203
563,0,33,661,59,2,19.8,63,115
564,2,48,525,26,4,25.6,50,253
565,1,54,474,43,1,26.5,42,249
566,0,58,456,37,4,27.4,46,235
567,2,5,1434,63,5,25.6,55,321
568,0,14,1662,56,3,27.2,47,339
569,3,42,412,28,7,30.4,45,265
570,3,13,1162,62,7,30.4,53,198
571,0,56,581,34,2,24.2,50,246
572,0,43,969,30,4,27,45,320
573,2,12,1055,60,4,17.5,71,138
574,3,27,756,45,7,21.1,38,204
575,0,47,423,32,3,21.6,30,65
576,0,2,1800,72,4,23.6,23,110
577,2,0,1625,73,3,18.7,47,148
578,3,28,718,60,6,24.4,40,283
579,0,52,490,33,5,20.5,34,188
580,0,0,1731,68,5,18.7,60,116
581,3,30,506,42,6,15.8,44,194
582,2,11,1500,53,4,21.6,33,256
583,0,43,1214,35,5,25.2,56,226
584,0,57,512,34,4,25.7,36,359
585,2,39,684,57,5,26.2,38,138
586,2,18,1050,55,3,23.5,43,272
587,0,47,700,34,3,25.2,62,255
588,0,57,451,44,3,23.1,46,196
589,2,48,330,39,5,21.9,43,203
590,0,51,442,45,3,18.9,41,241
591,2,19,1098,47,3,21,35,245
592,0,47,669,50,8,20.3,56,199
593,0,42,713,37,3,27.2,41,250
594,2,12,1484,65,3,21,53,174
595,2,14,1172,63,3,26.6,44,150
596,0,41,941,48,2,22.7,53,185
597,0,43,485,59,4,29.4,43,85
598,3,22,658,54,8,19.6,34,179
599,2,44,558,36,5,18.5,52,305
600,2,48,432,52,5,27,53,318
601,2,18,890,44,5,26.1,60,30
602,0,41,970,47,2,23.7,33,128
603,0,45,800,54,6,25.6,22,252
604,2,27,910,59,4,22.4,49,197
605,0,28,1142,66,4,23.7,42,273
606,0,9,1241,87,3,16,60,131
607,1,46,913,41,1,24.8,54,236
608,2,14,1142,66,4,19.9,38,144
609,2,35,547,82,5,32.6,35,185
610,0,43,891,34,4,30.6,48,164
611,0,39,786,59,4,16,52,203
612,0,34,755,67,3,20.9,72,122
613,0,34,881,56,2,21.9,43,140
614,0,30,1007,64,4,19.8,32,201
615,1,26,1045,43,2,24.4,46,177
616,2,20,1255,42,4,23.5,76,204
617,0,48,723,36,5,28.1,53,125
618,0,26,1457,76,4,32,52,118
619,0,51,531,33,5,18.2,62,215
620,0,50,847,30,3,28.9,41,201
621,2,38,493,45,5,22.2,28,249
622,2,8,1343,57,5,26.3,65,30
623,1,0,1627,80,2,30.1,69,99
624,0,38,816,55,1,26.1,36,211
625,1,37,648,52,2,25.5,32,117
626,0,53,515,44,3,23.3,20,285
627,2,31,873,57,5,28.4,52,80
628,0,37,767,51,3,22.3,42,102
629,2,16,1286,66,5,26.9,48,191
630,0,16,1622,69,4,27.3,53,159
631,0,29,1055,50,3,22,53,232
632,3,30,957,62,7,30.1,59,409
633,3,0,1124,79,6,26.4,18,167
634,2,18,1137,52,5,24.6,39,283
635,2,22,1254,62,5,23.7,29,237
636,0,11,1510,61,6,25.3,43,30
637,0,46,755,53,1,22.5,76,70
638,0,56,673,23,2,19,52,215
639,3,27,636,66,6,22.3,57,153
640,1,17,1396,79,2,35,65,165
641,0,36,1138,44,4,25,23,217
642,2,0,1800,86,4,19.7,39,280
643,2,38,786,43,4,22.7,61,187
644,0,42,727,34,2,23.9,44,197
645,2,31,1114,49,4,27.8,57,222
646,3,18,1197,51,6,23.4,46,337
647,2,21,1148,63,5,22,39,107
648,2,19,1178,62,5,19.5,76,202
649,0,52,647,62,7,25,51,301
650,3,19,1088,62,6,21.2,55,309
651,2,28,913,43,5,19,62,152
652,2,4,1614,69,5,25.6,33,115
653,0,55,505,42,4,22.7,42,150
654,0,45,636,45,4,26.3,26,249
655,0,38,1375,45,8,25.7,53,391
656,1,22,1042,66,1,22.7,35,63
657,3,0,1707,96,6,25.5,62,173
658,1,42,783,33,1,31.1,32,176
659,2,6,1206,51,4,19.7,46,138
660,3,36,526,32,8,21,30,225
661,2,27,805,59,3,24.5,39,81
662,0,12,1623,66,4,25.4,41,118
663,0,18,1628,69,1,26.6,55,397
664,2,28,819,51,5,20.6,43,295
665,0,70,568,30,4,27.9,38,362
666,2,39,938,49,5,25.1,59,333
667,2,15,1048,57,4,23.7,36,154
668,2,0,1588,77,3,17.9,48,70
669,2,0,1413,78,5,28.1,56,202
670,0,61,323,36,2,20.7,78,244
671,0,34,818,51,2,20.3,26,70
672,3,3,1319,76,6,26.3,15,254
673,0,38,728,49,3,25,29,154
674,2,33,902,52,4,25.1,31,153
675,0,46,1074,35,1,33.4,36,232
676,3,0,1555,70,8,21,39,90
677,0,38,841,47,6,28.8,25,203
678,2,4,1607,88,4,25.4,43,241
679,0,55,740,38,5,33.9,45,143
680,2,0,1517,63,4,25.8,57,223
681,0,26,827,47,7,23.7,49,154
682,0,41,761,54,4,23.4,40,267
683,0,38,1008,55,4,23,60,275
684,0,30,996,34,5,20.5,28,231
685,0,44,857,52,3,29.8,45,243
686,0,44,795,47,7,22.1,37,283
687,0,33,714,65,5,23.5,43,254
688,2,20,1113,59,4,24.5,62,241
689,0,49,776,39,6,25.8,51,294
690,3,18,908,84,7,26.9,41,360
691,1,38,868,67,1,30.4,43,295
692,1,0,1721,87,2,22.5,47,186
693,0,33,1164,37,7,25.6,40,279
694,2,29,856,63,4,17.8,26,175
695,0,44,596,42,3,21.4,31,134
696,1,34,964,55,2,24.1,47,337
697,0,41,688,44,3,23.1,35,54
698,2,35,777,57,5,28.6,32,106
699,2,24,969,44,3,26.3,35,283
700,3,17,978,47,7,25.4,45,187
701,0,46,696,48,4,22.2,46,150
702,2,10,1397,76,3,23.7,47,122
703,0,43,475,47,3,25.7,23,40
704,2,10,1251,64,5,32.6,40,207
705,0,30,1239,63,4,25.7,48,186
706,1,1,1674,54,2,22.1,58,130
707,2,29,1099,53,4,28.1,41,278
708,0,38,786,49,3,24.8,27,195
709,0,35,1029,37,4,16,33,205
710,1,33,892,53,2,21.1,52,265
711,0,52,924,36,6,24.2,70,205
712,0,37,934,49,2,22.6,68,129
713,0,59,557,49,4,25.1,59,207
714,0,32,1225,43,7,25.8,38,222
715,0,52,514,42,8,21.9,48,194
716,3,46,465,40,6,27.4,51,129
717,0,58,374,35,3,31.2,65,186
718,3,40,510,26,7,29.6,67,131
719,0,43,590,34,7,25.9,52,38
720,2,43,686,37,5,27.6,72,146
721,0,54,688,22,2,27,42,110
722,0,26,1232,57,3,20.3,39,220
723,2,19,1244,58,3,23,46,233
724,2,34,553,45,4,21.7,31,33
725,2,13,1129,67,3,24.6,26,211
726,3,37,655,57,7,28.9,43,227
727,0,14,1363,62,3,22,47,155
728,1,36,663,56,2,18.7,34,167
729,0,43,740,38,8,23.6,42,402
730,0,43,601,39,2,29.9,37,183
731,0,31,912,65,2,20.4,69,152
732,3,44,556,45,7,24.7,50,239
733,0,40,865,34,4,18.4,32,140
734,2,7,1456,80,3,21.4,23,195
735,3,0,1442,64,7,21.9,48,355
736,0,37,1025,49,3,29,56,62
737,2,21,899,67,4,21,36,121
738,0,56,573,31,3,29.8,37,161
739,0,49,834,31,3,29.2,35,162
740,2,9,1425,69,4,20.8,49,320
741,0,39,861,35,2,26.5,30,157
742,0,36,708,55,3,19.7,33,84
743,0,42,710,56,2,26.6,56,193
744,0,45,942,55,5,29.4,52,294
745,3,17,1001,53,6,22.7,42,114
746,3,11,1239,49,6,24.5,67,44
747,0,57,455,35,5,15.5,62,221
748,0,28,937,58,2,29.5,19,227
749,0,34,859,41,4,19.4,25,206
750,1,17,1279,77,2,23.9,42,246
751,0,41,592,61,1,25.3,50,168
752,2,23,1026,82,3,28.2,64,117
753,0,36,719,55,6,23,53,78
754,0,44,773,51,2,27.1,43,211
755,0,43,725,64,5,22.5,48,273
756,0,43,714,17,3,18.3,41,176
757,1,23,997,55,2,29,41,146
758,0,50,616,51,3,22.6,64,140
759,0,62,429,21,2,21.5,45,308
760,0,34,846,49,3,21.8,34,203
761,0,22,1096,46,4,17.2,62,198
762,0,53,538,27,1,25.1,37,262
763,0,64,501,31,2,19.5,85,357
764,0,57,854,34,5,29.6,75,281
765,0,47,915,50,2,23.5,44,219
766,0,41,1023,25,4,28.4,18,283
767,1,0,1793,98,2,19.6,70,217
768,0,43,899,59,8,22.2,61,190
769,3,6,1331,57,8,27.8,53,277
770,2,32,894,27,3,28.8,50,204
771,2,23,1054,68,4,28.7,23,295
772,0,46,1050,33,4,25.9,40,259
773,2,10,1323,56,4,19.3,47,265
774,0,43,517,58,2,27.7,55,239
775,0,44,588,43,5,19.6,51,203
776,0,42,623,44,2,21.5,38,249
777,3,36,600,66,8,26.7,66,265
778,2,33,726,47,4,21.5,79,143
779,3,12,1244,55,7,22.2,47,280
780,0,36,757,43,4,22.9,45,70
781,3,36,752,26,6,27.7,87,214
782,0,27,1255,63,2,27.4,42,191
783,3,43,551,29,8,33,43,137
784,2,44,421,43,5,26.3,58,214
785,0,57,786,21,5,28.2,63,194
786,0,46,397,53,4,20.7,57,222
787,3,33,457,51,6,27.7,54,169
788,0,27,1250,63,4,28.9,42,265
789,0,45,857,39,4,26.9,42,289
790,3,14,728,46,6,16.9,40,239
791,2,7,1143,46,3,17.7,29,167
792,2,27,889,30,4,21.8,44,204
793,0,30,1095,68,3,24.8,55,154
794,0,42,817,53,4,20.2,38,173
795,3,25,607,26,8,25.8,50,85
796,2,13,1195,66,4,23.2,58,110
797,0,32,838,55,2,25.9,42,170
798,0,38,932,32,4,25.3,48,179
799,0,40,777,60,3,20.8,39,231
800,2,2,1435,69,3,26,61,192
801,3,37,530,56,6,26.5,29,48
802,0,39,600,53,4,21.8,29,82
803,3,36,679,41,6,23.5,44,329
804,0,50,446,45,4,21.7,35,163
805,0,48,653,42,4,22,64,307
806,0,46,724,31,5,22.6,51,107
807,2,36,616,45,5,27,61,203
808,0,36,1002,44,6,17,49,252
809,2,9,1492,50,5,27.8,47,30
810,0,46,828,38,6,28.6,39,129
811,0,31,1236,52,6,25.4,46,216
812,0,60,281,10,4,27.2,57,61
813,0,46,793,51,3,28.9,47,171
814,0,30,964,45,1,18.5,36,119
815,0,33,908,52,3,19.8,66,215
816,0,45,847,41,3,28.7,49,174
817,0,38,953,59,6,27.5,67,197
818,2,0,1800,80,3,28,29,234
819,2,28,1014,60,4,17.9,77,216
820,0,43,813,59,5,28.8,57,282
821,0,52,412,47,3,15,62,308
822,2,21,1063,64,4,29.3,62,325
823,1,31,1090,61,2,27.8,60,170
824,2,18,1237,57,5,24.2,31,102
825,0,26,1103,57,3,19.3,50,242
826,2,32,954,50,3,29.3,40,260
827,0,39,857,45,3,25.3,49,150
828,0,52,649,31,2,21.1,47,294
829,3,0,1800,79,6,24.7,60,51
830,2,0,1800,72,3,21.8,39,267
831,2,8,1233,74,3,21.7,35,154
832,0,44,485,31,3,15.6,59,72
833,0,35,903,51,3,28.2,52,39
834,0,44,544,56,4,16.2,64,85
835,0,48,831,53,5,27.3,39,368
836,2,47,513,32,5,29.5,46,170
837,3,16,1177,56,6,16.8,38,373
838,0,40,805,65,8,26.8,47,248
839,0,45,710,49,4,24,25,229
840,0,38,694,46,2,18.2,28,257
841,0,22,1238,69,2,26.6,54,96
842,0,72,351,18,4,24.1,46,247
843,0,37,768,61,4,26.6,42,269
844,0,48,411,32,6,24.2,49,190
845,0,43,636,50,2,26.2,37,271
846,2,39,694,30,5,29.7,46,126
847,2,0,1800,74,4,21.6,58,147
848,0,51,931,45,4,22.8,68,396
849,3,11,1488,42,6,22.5,41,190
850,0,37,728,57,3,22.3,44,30
851,0,27,1021,83,3,27,87,318
852,0,51,640,50,4,25,47,222
853,0,53,517,41,4,22.1,25,207
854,3,2,1281,63,6,19.7,60,283
855,2,8,1462,44,4,24.9,47,196
856,2,16,1335,46,4,26.6,64,198
857,2,16,1432,67,3,30.4,51,188
858,0,60,654,25,2,24.6,56,180
859,3,9,1052,66,7,22.4,55,165
860,2,28,643,46,5,15,66,176
861,2,4,1170,68,5,20.2,57,56
862,0,33,1027,53,4,20.7,14,117
863,2,11,1278,53,5,27.2,31,204
864,3,24,1157,57,6,23.6,64,144
865,0,42,886,45,4,30.1,42,121
866,0,41,704,47,2,23.4,62,251
867,0,27,997,57,4,24,23,221
868,0,49,586,29,5,18.8,22,261
869,0,40,826,31,5,19.9,45,79
870,0,26,1112,67,1,22.7,60,219
871,0,39,862,46,7,24.5,25,174
872,0,48,940,56,7,23.9,57,253
873,2,0,1350,67,4,23.7,55,121
874,2,12,1065,62,5,26.3,19,134
875,0,38,736,49,4,22.1,55,153
876,0,41,740,43,4,16.6,31,233
877,0,34,772,53,4,21.4,37,192
878,0,44,741,57,7,19.3,39,233
879,2,23,1053,53,3,19.6,51,199
880,2,2,1473,59,5,26.6,24,251
881,0,38,972,39,7,23.8,52,113
882,2,31,754,59,4,26.5,56,280
883,0,30,969,60,1,28.2,40,98
884,0,53,389,32,3,21.5,35,157
885,0,46,628,45,3,22.3,71,45
886,2,35,617,48,5,22.2,20,91
887,2,3,1374,62,4,20.7,34,136
888,0,59,325,36,4,22.7,39,370
889,1,10,1528,75,1,25.3,45,269
890,0,27,1153,66,5,32,40,286
891,0,39,835,50,2,25.1,67,245
892,0,33,1058,58,8,25.5,27,131
893,3,38,500,27,6,24.6,64,145
894,3,50,702,29,6,28.8,70,208
895,0,35,924,44,4,26.9,41,333
896,0,48,672,42,3,24.1,69,181
897,3,33,603,39,8,25.5,51,118
898,0,45,801,67,1,19.8,59,291
899,0,38,921,42,1,19.8,53,67
900,1,0,1679,59,2,26.8,30,125
901,3,30,681,39,6,16.1,43,297
902,0,47,782,42,3,29.4,54,225
903,2,24,673,53,5,17.1,48,114
904,1,1,1539,69,2,24.2,22,126
905,0,19,1140,55,2,21.1,23,170
906,0,48,617,39,1,15.8,45,268
907,0,28,1029,64,6,18.6,55,235
908,0,13,1377,76,2,21,67,260
909,2,4,1605,81,3,28.2,61,185
910,2,27,984,62,5,22.2,56,226
911,0,55,768,35,4,29.8,58,106
912,0,35,1060,45,5,24.4,28,144
913,0,49,545,55,4,20,21,275
914,3,37,590,41,6,26.1,43,226
915,2,33,934,55,4,30.8,24,200
916,2,18,1587,40,5,25.8,54,213
917,0,35,693,58,2,19.1,48,293
918,0,25,1065,75,4,18.3,45,280
919,2,46,445,25,5,15,52,124
920,2,36,880,54,3,30.5,60,266
921,0,32,923,61,7,22.8,48,222
922,2,21,755,63,5,23.7,43,90
923,1,44,801,45,2,23.4,42,268
924,2,43,637,56,5,25.3,69,324
925,0,45,847,48,4,24,37,252
926,3,18,1238,51,7,24.2,52,226
927,2,44,386,59,3,20.4,77,254
928,2,29,689,37,3,21,23,82
929,3,26,1037,54,6,26.7,40,331
930,2,48,563,20,5,21.1,59,134
931,2,52,431,18,3,28,43,211
932,1,34,1024,40,1,27.3,62,214
933,1,0,1800,75,1,19.8,48,292
934,2,23,651,46,4,21,38,175
935,2,36,577,45,4,28.3,51,42
936,3,24,645,43,6,22.3,54,112
937,2,37,720,57,4,25.9,57,414
938,2,13,1237,74,3,22.1,58,136
939,0,44,558,26,5,26,34,85
940,2,0,1664,51,5,20,58,60
941,0,34,813,46,4,17.8,51,214
942,0,43,749,39,6,20.5,41,269
943,0,10,1200,76,5,24.4,63,79
944,2,22,997,54,4,23.4,72,147
945,0,24,932,49,4,22.7,44,77
946,3,32,510,29,6,18.1,34,201
947,1,36,733,40,2,23.3,46,117
948,1,32,1014,47,2,22.4,62,157
949,0,36,970,46,4,21.4,32,311
950,0,64,476,31,2,25.8,69,247
951,0,46,771,25,5,25.6,43,272
952,2,30,856,42,4,22.6,58,69
953,3,0,1800,81,6,19.8,45,184
954,0,26,1060,65,4,20.1,41,315
955,3,18,1053,67,6,25.3,52,189
956,2,6,1149,83,3,22.8,15,230
957,3,22,808,44,6,24.8,17,321
958,2,23,1035,49,3,23.4,27,249
959,0,54,593,56,7,27.8,74,89
960,1,28,1020,58,2,20.6,75,149
961,0,36,890,40,5,24.6,42,183
962,2,30,530,71,5,26.5,41,124
963,0,35,1101,40,3,24,64,221
964,2,41,706,37,5,18.7,51,207
965,2,30,496,48,5,23.7,34,115
966,3,9,1208,56,6,24.1,57,277
967,0,30,1121,49,2,24,60,249
968,0,38,681,57,4,25.1,63,206
969,0,39,850,64,4,24.8,55,365
970,0,32,974,55,1,24.6,31,125
971,0,69,454,31,4,28.7,68,175
972,0,53,645,30,2,24.1,35,201
973,0,55,661,43,4,27.2,38,301
974,0,42,659,45,4,22.6,35,216
975,0,24,1202,60,3,28.4,31,260
976,0,38,827,67,3,26.5,66,223
977,2,8,1476,72,3,25,59,123
978,0,36,561,72,1,24.6,24,231
979,2,27,662,68,3,22,37,257
980,0,39,1036,57,2,22,56,279
981,2,28,1099,53,3,30,40,215
982,2,20,885,48,4,21.5,29,113
983,2,21,971,70,3,17.6,51,141
984,2,0,1800,72,3,19,50,144
985,0,32,1178,56,2,22,52,142
986,3,16,1014,52,6,28,38,177
987,0,32,1127,27,5,18.3,28,227
988,0,52,761,41,4,29.8,70,99
989,0,39,540,49,4,24.3,51,152
990,0,32,1063,74,5,21.2,48,184
991,2,27,1036,67,3,15.2,56,356
992,0,51,458,34,2,17.1,45,135
993,0,54,516,45,2,21.5,45,223
994,3,31,615,36,7,24.1,50,187
995,0,45,759,59,2,15.5,46,202
996,0,46,775,25,7,24.7,55,172
997,1,19,1240,34,2,21.1,38,244
998,0,38,951,52,4,24.4,66,336
999,0,65,451,29,4,28.9,42,213
1000,0,44,978,63,4,30.6,41,181
1001,0,51,743,53,6,25,74,341
1002,0,41,645,50,1,18.9,52,335
1003,0,48,638,49,4,16.1,70,127
1004,0,35,407,61,3,23.2,18,87
1005,0,16,1800,39,2,26.1,59,177
1006,2,0,1800,65,4,17.7,24,190
1007,0,51,421,38,3,15,34,222
1008,0,51,529,39,4,20.8,31,173
1009,2,41,669,48,4,21.8,48,251
1010,0,58,701,39,2,25.5,41,401
1011,2,16,1247,48,5,23.6,42,30
1012,0,33,699,33,4,19.9,55,171
1013,2,37,598,34,3,26,57,74
1014,0,29,1051,43,7,18.2,52,136
1015,3,24,796,60,7,20.1,42,269
1016,0,58,414,35,2,20,64,210
1017,0,34,811,55,4,23.3,70,159
1018,2,20,1121,60,3,32.4,28,189
1019,2,8,1070,64,4,21.9,24,228
1020,0,43,817,58,3,25.4,46,262
1021,0,43,1164,38,3,31.4,24,30
1022,0,29,908,68,4,32.6,39,153
1023,2,9,1039,63,4,18,47,163
1024,0,35,1045,46,2,22.6,62,238
1025,2,1,1800,63,4,23.1,39,126
1026,0,33,1353,62,4,19.4,49,338
1027,0,28,983,61,3,23.8,37,171
1028,0,46,841,57,3,29.1,60,281
1029,0,46,597,47,4,22.4,68,214
1030,2,32,1102,63,3,29.6,75,302
1031,0,51,622,39,3,24.8,64,332
1032,2,6,1116,75,3,26.9,43,87
1033,2,19,913,54,3,28.1,41,197
1034,0,57,361,26,5,32.3,54,170
1035,0,45,770,29,1,18.1,46,264
1036,0,41,886,52,7,26.4,64,266
1037,2,13,1352,49,5,23,47,263
1038,2,25,967,68,3,24,43,330
1039,0,34,884,44,8,23.3,19,73
1040,0,34,735,52,3,15.4,47,220
1041,3,0,1487,52,7,18.7,55,194
1042,0,57,659,31,4,21.2,54,359
1043,0,51,625,56,4,26.9,42,190
1044,2,24,1154,63,5,23.1,49,277
1045,2,7,1483,62,3,25.6,62,213
1046,0,43,491,60,3,23.9,46,257
1047,2,33,800,40,4,24,17,74
1048,2,21,1221,59,3,17.9,65,253
1049,1,32,1173,68,1,28.6,42,288
1050,2,28,772,53,3,24.1,55,87
1051,2,60,474,16,5,25.7,73,249
1052,0,31,794,57,3,19.6,24,174
1053,1,18,1271,67,2,23.1,50,244
1054,3,27,697,56,7,22.7,43,227
1055,2,6,1638,48,3,23.7,57,123
1056,0,36,1219,58,8,27.9,55,265
1057,2,0,1800,71,5,22,50,253
1058,2,5,1572,54,4,25.8,27,148
1059,3,24,1043,57,7,26.4,42,297
1060,0,42,603,52,3,26.7,57,261
1061,3,20,1075,43,7,18.5,45,377
1062,2,40,678,39,5,30.3,45,310
1063,0,41,802,54,4,23.7,32,139
1064,3,27,664,53,6,17.5,45,179
1065,2,19,930,54,5,18.8,26,196
1066,0,31,809,55,8,18.6,53,137
1067,0,34,793,57,5,20.3,38,334
1068,2,28,529,73,3,24.5,48,254
1069,2,28,747,60,4,19.9,69,230
1070,3,51,467,27,6,26.8,35,330
1071,3,18,967,60,6,18.4,46,262
1072,0,36,1005,71,3,22.6,52,223
1073,2,20,1114,62,4,28.6,37,225
1074,0,36,641,59,5,27.1,36,209
1075,0,51,644,45,3,22.8,43,234
1076,2,0,1800,94,5,23.4,35,55
1077,3,0,1800,75,7,23,36,139
1078,3,33,332,38,6,19.6,33,156
1079,0,48,783,23,1,29.9,59,151
1080,0,43,723,19,4,19.4,36,184
1081,2,16,1134,56,4,26.3,43,187
1082,3,11,1215,32,6,15,34,87
1083,0,63,399,39,2,29.4,33,241
1084,0,33,796,60,4,19.5,54,160
1085,0,50,724,45,4,16.9,58,187
1086,3,30,553,36,7,20.9,49,129
1087,1,48,629,45,1,22.7,52,242
1088,0,37,599,54,3,24.5,36,114
1089,0,4,1800,72,4,22.9,72,64
1090,0,32,1283,44,3,24.4,65,296
1091,1,31,1110,71,2,28.6,46,234
1092,0,45,947,49,4,31,43,311
1093,0,27,1338,45,4,15.3,71,240
1094,2,0,1410,69,4,20.6,46,180
1095,3,32,382,47,7,25.7,22,193
1096,0,24,1014,46,2,20.7,38,274
1097,3,25,1046,42,6,31.5,61,170
1098,0,23,1203,62,6,27.3,56,243
1099,2,19,1239,57,4,26.5,57,140
1100,0,33,1167,38,8,23.5,59,159
1101,2,27,749,61,5,27.6,51,220
1102,0,61,613,42,1,27.1,66,210
1103,1,36,1004,42,2,25.6,36,215
1104,1,21,1095,58,2,29.2,36,75
1105,0,27,1006,48,2,26.4,23,243
1106,0,40,682,37,1,19.2,59,189
1107,1,49,328,30,2,19.8,54,168
1108,1,37,983,59,2,27.4,35,233
1109,0,54,547,31,2,23.5,48,107
1110,2,27,908,61,4,24,51,222
1111,1,15,1322,71,1,21.6,46,132
1112,0,57,696,36,4,28.7,57,239
1113,0,35,958,43,6,23.2,66,206
1114,3,35,655,46,6,26.1,53,247
1115,0,39,813,44,3,23.9,52,122
1116,0,43,709,60,3,21.2,46,131
1117,0,12,1570,66,5,24.1,54,246
1118,2,12,1654,50,3,23.7,50,224
1119,0,37,1082,31,4,23.7,7,296
1120,2,44,594,27,5,25.8,47,189
1121,0,33,1060,40,6,19.3,58,224
1122,2,8,1228,69,5,20.2,27,126
1123,0,29,850,37,2,24.6,41,145
1124,0,29,597,57,2,24.1,36,116
1125,2,37,610,46,5,22.3,65,217
1126,3,41,641,37,6,21.4,32,208
1127,0,53,764,28,3,27.1,56,167
1128,3,31,690,45,6,18.9,24,359
1129,1,9,1275,59,2,18.8,48,101
1130,3,35,827,29,6,27.6,63,56
1131,0,39,804,40,2,18.6,47,173
1132,0,31,868,37,6,28.2,60,108
1133,3,10,1047,60,6,26.5,50,75
1134,0,26,1371,57,7,25.7,83,207
1135,0,42,578,41,4,24.8,59,145
1136,2,45,583,39,4,24.2,51,174
1137,0,33,906,50,5,27.3,36,46
1138,0,17,1268,61,4,28.8,55,30
1139,0,50,563,31,2,16,49,286
1140,1,19,1521,78,2,24,43,243
1141,2,35,524,42,3,20.9,62,142
1142,0,21,1170,89,4,27.9,46,163
1143,0,38,899,43,7,23.7,54,252
1144,0,50,519,53,3,23.5,66,157
1145,0,32,913,36,5,18.4,50,90
1146,0,36,779,41,1,22.8,63,259
1147,0,57,554,24,4,29.9,79,177
1148,0,45,851,45,4,26.9,60,167
1149,1,18,1077,56,1,20.5,25,191
1150,0,32,1210,56,3,27.2,52,115
1151,3,29,668,21,7,23.4,36,30
1152,0,44,526,50,2,26.7,11,266
1153,0,12,1374,73,4,27,42,82
1154,0,35,1188,29,4,31.2,52,163
1155,2,12,1205,69,5,23.2,73,251
1156,3,23,965,40,8,23.6,42,200
1157,2,32,468,56,3,21.6,54,251
1158,0,28,1200,59,7,22.4,70,374
1159,2,7,1433,63,5,25.6,41,192
1160,0,60,556,25,2,21.5,40,259
1161,2,0,1800,87,5,20.4,47,169
1162,0,50,804,27,7,27.9,38,216
1163,0,45,894,42,6,30,21,143
1164,0,54,630,38,4,28.2,63,145
1165,1,35,985,58,2,31,77,45
1166,0,43,677,45,4,24.8,48,220
1167,2,39,818,27,5,31,58,173
1168,0,34,1015,53,5,24.2,26,252
1169,0,34,808,54,5,16,73,81
1170,0,27,943,71,4,25.6,58,275
1171,0,35,946,35,3,22.2,34,239
1172,3,0,1538,79,8,25.8,35,266
1173,0,47,496,45,4,22.8,51,236
1174,0,44,403,45,3,20.5,55,246
1175,0,61,487,40,4,23.7,42,293
1176,0,43,931,55,3,26.3,74,261
1177,2,23,923,71,5,28.6,62,289
1178,3,20,1135,49,6,21.9,63,103
1179,0,30,946,72,4,24.9,55,208
1180,2,46,518,49,4,21.1,68,293
1181,0,39,690,59,4,21.5,44,109
1182,2,41,779,27,4,24.1,64,277
1183,2,31,1005,57,3,24.7,70,96
1184,0,34,721,39,5,21.1,62,189
1185,2,31,1055,58,5,30,53,279
1186,0,48,559,37,4,21.5,40,163
1187,2,25,706,67,3,22.8,50,117
1188,2,10,1289,54,4,30.6,34,217
1189,0,50,543,26,2,16,30,151
1190,2,22,1154,51,3,25.3,57,310
1191,2,32,760,49,3,22.3,51,153
1192,3,21,1016,49,8,21.7,32,271
1193,3,10,1232,72,6,22.9,53,197
1194,1,21,1150,48,2,15.2,68,94
1195,0,31,941,58,2,18.2,49,229
1196,0,51,857,31,3,21.8,65,169
1197,2,23,1084,51,3,24.4,29,267
1198,0,32,874,47,4,21.9,47,170
1199,2,29,743,47,3,23.6,60,94
1200,0,21,1093,51,5,19.2,63,105
1201,0,7,1578,83,3,19.9,52,103
1202,0,37,784,35,5,17.2,40,304
1203,0,53,501,22,5,19.3,61,215
1204,0,53,500,51,4,23.2,57,242
1205,2,31,1182,43,3,29.7,53,283
1206,0,36,702,53,6,24,31,190
1207,2,44,541,21,5,20.9,32,265
1208,1,34,1043,53,2,30.3,62,273
1209,0,33,1015,60,4,27.9,41,202
1210,0,39,746,56,3,28,71,210
1211,0,42,759,43,2,19.5,24,134
1212,1,21,1099,81,1,26.5,46,185
1213,0,35,940,61,3,24.7,44,107
1214,1,32,1040,65,2,30.9,41,287
1215,0,39,738,43,5,18.9,62,104
1216,3,16,1028,49,7,22.9,50,109
1217,0,29,935,50,5,24.6,32,190
1218,0,28,1222,86,4,29.4,76,255
1219,3,11,1211,76,7,26.5,55,115
1220,1,45,560,23,2,28.5,55,154
1221,2,12,1463,36,4,20.7,25,239
1222,2,43,659,33,5,22.6,33,244
1223,0,38,971,52,2,28.5,77,146
1224,0,54,862,34,1,24.3,68,75
1225,0,34,824,55,2,21.1,28,213
1226,0,45,940,48,3,23.9,53,277
1227,2,26,1123,59,3,20.5,53,225
1228,0,34,718,76,2,17.4,53,166
1229,0,50,503,32,2,24.8,21,67
1230,2,19,1142,61,4,22.2,64,135
1231,0,38,792,73,4,22.2,64,147
1232,0,54,416,24,2,27.2,21,93
1233,0,14,1590,78,4,22.6,30,210
1234,0,54,444,30,4,21.8,28,160
1235,0,55,459,24,3,27.8,38,170
1236,0,36,1004,62,5,26.1,61,174
1237,0,39,904,59,5,24.8,31,313
1238,0,37,975,47,3,22.3,27,328
1239,2,0,1800,79,3,24.6,59,209
1240,2,6,994,77,3,26,15,89
1241,0,36,1106,49,5,21.2,61,281
1242,0,37,953,64,7,28.8,63,185
1243,0,49,772,25,5,18.1,49,124
1244,0,22,1146,50,3,20,42,82
1245,0,39,1130,38,1,26.8,52,153
1246,0,31,961,46,5,18.9,63,133
1247,0,37,840,45,6,22.2,49,189
1248,0,39,933,57,4,25.9,63,179
1249,1,27,1201,56,2,29.2,71,122
1250,0,40,936,47,7,28.5,57,301
1251,0,52,513,45,5,23.3,52,169
1252,3,22,841,58,8,21.6,62,292
1253,0,52,426,32,3,21.3,51,165
1254,2,15,1269,59,5,15.2,72,277
1255,0,39,534,67,1,18.8,51,49
1256,0,60,594,26,5,26.6,68,151
1257,0,35,705,52,4,24.2,40,67
1258,1,14,1303,42,2,15,38,127
1259,0,47,474,29,4,23.3,36,285
1260,0,22,1074,60,6,19.1,66,135
1261,0,35,876,70,5,21.7,44,243
1262,2,48,390,52,4,24,33,237
1263,0,60,521,35,3,23.3,65,188
1264,0,42,954,56,2,35,70,229
1265,1,21,1123,73,2,19.6,61,195
1266,2,0,1750,84,4,20.1,77,176
1267,0,44,840,34,6,27,53,145
1268,0,33,1125,57,4,26,51,316
1269,2,41,574,31,4,21.3,34,57
1270,0,28,1069,57,5,19.5,32,91
1271,2,0,1800,96,3,28.9,48,157
1272,3,31,527,58,7,29.3,49,245
1273,0,42,911,57,6,28.4,39,199
1274,0,38,874,51,5,25.8,35,205
1275,0,51,715,31,8,30.9,28,239
1276,2,24,722,51,4,15.2,43,297
1277,3,9,1271,49,6,19.3,43,155
1278,3,24,601,50,8,18.9,25,360
1279,0,37,999,57,3,30.3,28,185
1280,0,46,674,55,3,21.3,51,176
1281,0,27,895,53,7,15,35,184
1282,2,42,489,51,5,23.9,54,271
1283,0,43,920,46,3,26.3,46,161
1284,2,26,1139,72,3,22.7,53,249
1285,0,43,869,53,4,21.3,36,159
1286,2,26,1117,45,5,29.1,26,126
1287,3,35,566,16,6,25.5,45,125
1288,0,55,531,38,3,27.1,68,170
1289,3,4,1319,77,6,20.4,46,268
1290,2,19,1278,70,5,19.6,72,297
1291,0,59,827,10,5,21.8,78,244
1292,0,50,627,51,2,31,41,109
1293,0,44,814,61,4,24.5,35,164
1294,0,48,774,62,6,24.4,58,339
1295,3,16,1210,50,6,28.5,32,284
1296,0,38,853,44,1,22.3,50,231
1297,1,38,720,65,2,22.7,37,162
1298,0,49,856,48,4,29.9,34,374
1299,0,44,801,42,5,24.7,55,186
1300,3,37,718,29,6,23.2,68,132
1301,0,44,765,54,3,24.3,57,159
1302,0,56,449,34,4,25.4,25,178
1303,1,22,1295,55,2,28.2,39,302
1304,2,25,1074,45,3,25.8,43,204
1305,0,40,776,40,3,23.8,68,257
1306,2,10,1185,51,3,24.1,18,164
1307,0,51,777,46,7,26.5,62,162
1308,1,12,1375,75,2,25.3,50,192
1309,2,25,751,51,4,15.4,30,103
1310,1,25,1234,64,2,32,42,396
1311,0,37,747,50,4,20.8,30,299
1312,1,6,1800,66,1,21.1,38,279
1313,0,35,798,50,3,23,50,293
1314,0,27,1075,74,4,23.9,43,157
1315,0,56,758,53,4,28.1,54,363
1316,2,20,932,40,3,21.9,20,98
1317,0,39,565,39,2,20.6,38,199
1318,3,17,1073,26,6,20.9,41,185
1319,2,1,1408,66,4,21.1,44,274
1320,0,18,1206,68,5,21.3,39,195
1321,0,21,1007,77,7,26.7,46,142
1322,2,21,885,51,4,18.5,54,233
1323,1,30,1228,57,1,29.4,26,339
1324,2,39,955,73,5,23.3,67,269
1325,2,31,800,48,5,21.2,50,265
1326,2,31,625,55,4,28.5,13,104
1327,2,21,783,56,4,20.3,75,116
1328,0,29,1054,59,4,25.3,25,290
1329,0,69,576,63,1,27.2,74,270
1330,0,56,468,53,3,24.2,55,140
1331,1,15,1342,63,2,24.8,59,219
1332,1,38,725,81,2,26.9,66,133
1333,2,33,774,61,3,21.9,60,221
1334,0,38,669,63,3,22.2,51,227
1335,3,9,1038,66,8,20.5,51,127
1336,2,20,1274,54,4,30.5,58,185
1337,2,22,945,91,4,31.2,60,228
1338,2,1,1380,79,5,25.8,62,76
1339,0,49,664,44,4,31.7,30,163
1340,2,14,1179,79,4,24.8,55,223
1341,3,0,1570,47,8,29.4,13,151
1342,2,9,1800,50,5,27,57,226
1343,0,22,1250,42,7,21.3,50,104
1344,0,21,1347,67,2,26.1,68,198
1345,0,34,984,50,4,21.1,41,256
1346,0,39,508,35,3,19,43,93
1347,0,29,1001,49,4,26.5,21,120
1348,2,16,1123,59,3,18.8,52,262
1349,0,35,789,62,6,25.4,39,221
1350,0,38,731,53,7,27.9,78,30
1351,3,21,948,57,6,20,63,276
1352,2,19,1196,57,5,19.6,60,234
1353,0,48,374,60,2,28.7,49,250
1354,0,35,781,33,2,17,55,132
1355,2,20,1221,23,4,27.3,40,141
1356,0,57,424,48,4,20,67,250
1357,0,33,846,44,4,20.3,36,148
1358,0,40,786,52,4,21.4,46,207
1359,0,58,639,47,3,24.9,53,98
1360,0,39,937,70,2,25.9,44,227
1361,0,55,462,35,3,19.3,30,300
1362,0,55,486,49,2,24.8,43,134
1363,2,37,531,24,5,20.8,38,243
1364,0,44,828,27,5,19.3,37,147
1365,0,45,825,54,4,15,55,359
1366,0,50,784,40,3,29.4,56,218
1367,0,34,972,44,3,23.4,51,260
1368,3,50,502,26,6,21.7,38,224
1369,3,30,788,62,6,26.1,53,307
1370,2,0,1800,82,3,19.3,47,230
1371,0,18,1286,46,2,17.8,46,235
1372,0,55,454,54,3,21.6,32,301
1373,2,0,1599,65,4,24.6,51,165
1374,2,38,625,36,5,21.6,58,136
1375,0,43,807,45,2,26.5,42,197
1376,3,3,1184,57,6,16.3,37,197
1377,0,45,754,50,4,22.7,43,296
1378,0,36,758,60,6,31.7,57,64
1379,1,12,1406,76,2,25,62,226
1380,0,26,1150,55,3,19.1,54,350
1381,0,34,883,72,2,20.3,52,230
1382,0,60,430,58,2,20.4,46,362
1383,2,37,853,46,3,24,61,200
1384,0,24,1026,65,2,20.1,27,133
1385,2,0,1488,69,3,20.4,30,30
1386,3,28,919,47,6,23.5,55,368
1387,1,27,1004,60,2,31.1,81,116
1388,0,53,595,36,3,24.2,58,64
1389,3,0,1460,51,6,21.4,8,264
1390,3,5,1023,62,6,31.1,33,30
1391,0,46,831,38,4,22.9,73,136
1392,0,34,1025,64,6,23.3,51,73
1393,2,25,879,56,4,19.9,60,205
1394,0,33,904,54,6,23.6,51,171
1395,2,17,698,44,4,17.4,47,30
1396,2,35,909,32,3,25.2,61,185
1397,3,12,1261,49,6,23.4,47,185
1398,0,33,1407,57,5,26.6,22,234
1399,0,40,884,45,5,25.3,37,77
1400,3,9,1574,40,6,22.2,55,252
1401,1,27,1027,24,2,20.1,45,305
1402,2,38,632,38,5,23.4,69,260
1403,0,34,1005,38,2,22,57,117
1404,2,27,1032,47,4,27.5,53,293
1405,2,0,1703,70,4,25.5,50,327
1406,3,0,1708,73,6,21.5,52,131
1407,0,47,742,44,5,22.5,66,143
1408,0,46,481,34,6,27,24,354
1409,0,52,525,52,5,19.3,83,160
1410,0,47,963,59,3,28.2,60,220
1411,3,0,1800,75,7,15,49,267
1412,0,49,917,45,7,23.3,52,326
1413,0,52,487,39,1,26.6,42,76
1414,1,41,1058,33,1,28.8,41,196
1415,0,32,1177,71,3,29.6,59,260
1416,1,48,711,23,2,15.6,45,221
1417,0,41,912,47,5,23.2,52,152
1418,0,26,918,56,2,26.5,46,265
1419,0,56,295,23,5,26.3,20,127
1420,2,17,1017,51,5,27.9,23,135
1421,0,39,815,59,2,15,71,141
1422,2,28,908,56,3,22.5,56,228
1423,2,29,827,53,3,25.4,41,224
1424,0,64,609,39,3,23.8,76,191
1425,2,13,1203,54,4,19.3,59,289
1426,0,42,863,43,6,23.5,64,216
1427,0,53,694,23,4,21.9,44,220
1428,1,17,1061,70,1,19.6,50,106
1429,0,24,790,74,3,25.1,32,221
1430,0,46,619,42,1,26,40,199
1431,0,46,864,41,7,24.3,65,313
1432,0,32,880,53,3,26.3,38,292
1433,2,16,1025,79,3,25.9,56,171
1434,0,43,655,44,4,20.4,42,31
1435,0,32,909,55,2,26.3,49,75
1436,2,51,510,26,5,23.5,34,281
1437,0,27,1043,53,4,26.6,51,176
1438,0,52,400,38,3,26.6,50,198
1439,0,29,859,61,3,24.8,35,148
1440,0,44,941,33,4,24.5,55,247
1441,2,41,548,54,5,17.6,57,373
1442,0,66,323,40,2,23.5,52,359
1443,2,8,1401,59,3,25.1,65,192
1444,3,39,434,31,6,24.8,52,119
1445,2,41,516,55,4,24.1,48,119
1446,0,52,480,28,6,20.3,55,107
1447,2,10,1522,52,3,22.1,37,294
1448,0,44,871,46,3,21.9,59,256
1449,0,33,1261,60,2,21,65,284
1450,0,49,736,50,6,26.4,82,195
1451,0,57,548,44,6,30.4,47,365
1452,0,20,1081,70,4,15,30,232
1453,1,43,929,26,2,20.1,44,247
1454,2,45,740,66,4,21.9,83,246
1455,0,51,605,51,3,29.5,26,345
1456,2,27,1056,42,3,16.7,39,43
1457,0,41,884,63,3,18.5,77,60
1458,2,18,1051,78,5,25.6,46,250
1459,3,35,812,55,7,31,62,303
1460,0,37,785,60,5,19.9,67,301
1461,0,60,491,43,3,28.1,34,249
1462,3,38,461,44,6,33.3,36,107
1463,2,39,739,45,4,27,61,203
1464,0,33,1233,53,4,28.7,48,220
1465,0,43,851,47,3,30.7,57,210
1466,2,49,480,33,5,30.7,54,107
1467,2,0,1800,87,4,21.8,90,146
1468,2,0,1758,76,5,18.2,52,198
1469,0,51,792,49,2,15.7,63,325
1470,0,56,574,18,4,25.1,51,171
1471,2,34,1024,56,4,26.4,69,382
1472,1,10,1352,52,2,22.8,49,197
1473,0,54,661,43,1,23.6,68,271
1474,0,38,1059,52,6,25.3,48,278
1475,0,61,383,33,3,26.9,56,339
1476,2,37,564,68,3,25.8,68,162
1477,3,10,1376,58,7,19.7,42,214
1478,2,44,684,23,4,31.1,46,263
1479,2,42,851,65,4,24.1,64,206
1480,0,54,721,31,3,25.2,65,149
1481,2,28,927,53,4,21.7,68,261
1482,1,8,1495,75,1,21.8,57,157
1483,2,1,1800,78,4,20.7,44,226
1484,0,53,300,49,4,23.5,36,123
1485,1,47,414,52,2,22.7,42,337
1486,0,49,705,47,5,26.9,52,201
1487,2,18,1194,78,3,19.7,50,304
1488,0,40,624,48,1,24.1,49,206
1489,0,50,694,43,2,18.4,46,222
1490,0,29,735,69,2,21.9,49,77
1491,0,66,404,24,5,22.6,83,122
1492,0,61,619,25,2,28,43,239
1493,2,41,533,58,5,20.2,84,199
1494,0,30,914,61,5,23.3,9,128
1495,0,56,657,32,1,27,50,263
1496,0,29,839,54,3,20.6,60,76
1497,0,33,805,52,4,19.3,44,153
1498,1,21,1446,59,2,21.4,59,236
1499,2,28,972,55,4,23,55,266
1500,2,3,1504,74,4,23.3,24,215
1501,0,0,1800,89,1,21.9,35,164
1502,2,13,1570,68,5,27.6,71,156
1503,3,25,557,51,6,27.4,55,127
1504,0,48,667,47,5,26.8,29,202
1505,2,33,801,47,4,17.3,63,362
1506,2,37,748,62,4,18.2,54,133
1507,2,39,724,33,4,15,61,118
1508,0,35,1147,53,5,29.6,32,245
1509,2,31,683,37,5,27.1,32,56
1510,2,38,633,49,4,27.6,56,144
1511,0,23,1131,42,4,21.2,42,222
1512,3,29,692,52,6,24,44,382
1513,0,46,571,52,4,18.6,44,254
1514,1,20,1207,59,2,21.3,42,258
1515,0,49,606,52,3,28.1,49,174
1516,0,49,500,62,4,24.8,44,270
1517,0,39,1043,46,5,28.5,38,271
1518,0,39,771,41,5,21,46,199
1519,0,47,753,57,3,27.9,78,245
1520,0,27,900,57,4,24.7,48,129
1521,2,0,1697,91,5,19,53,222
1522,0,35,1008,50,2,21.3,74,176
1523,0,53,401,38,3,16.5,48,227
1524,0,30,1293,42,4,18.2,56,247
1525,1,35,802,65,1,20.1,40,136
1526,2,4,1304,46,5,26,9,177
1527,0,43,880,55,2,22.9,48,340
1528,0,34,1105,63,8,23,74,119
1529,3,63,325,21,6,30.3,62,159
1530,0,43,765,36,3,25.5,50,160
1531,2,45,489,40,3,25.5,52,182
1532,2,26,851,41,5,21,65,271
1533,3,37,623,37,6,25.3,65,30
1534,2,0,1734,71,5,31.2,54,247
1535,2,28,975,43,4,24.9,56,222
1536,0,47,752,63,6,25.1,58,230
1537,0,34,1087,41,2,26.3,64,234
1538,0,37,905,36,5,25.5,42,297
1539,0,7,1466,76,3,19.6,28,222
1540,0,43,840,47,4,26.6,38,223
1541,0,40,762,47,3,19.5,57,156
1542,2,9,1467,62,5,20.8,30,202
1543,3,9,1375,63,6,28.9,54,269
1544,2,4,1507,70,5,23.8,41,174
1545,0,18,1170,64,5,20.1,39,259
1546,0,28,761,73,4,23.8,55,238
1547,2,31,881,46,5,25.5,25,122
1548,0,47,650,52,3,21.1,77,227
1549,0,34,858,52,3,28.1,60,128
1550,0,48,767,38,5,33,60,124
1551,1,25,1120,53,1,17.6,61,185
1552,2,42,571,38,3,24.6,34,198
1553,2,13,1104,55,4,17.8,39,108
1554,3,14,1068,48,6,24.1,69,86
1555,0,29,778,45,5,18.6,38,88
1556,0,34,920,45,5,24.9,38,275
1557,2,44,578,42,3,30.2,48,229
1558,0,41,1233,45,4,31.6,49,287
1559,3,17,952,39,6,23.2,53,165
1560,0,23,1160,73,3,28.6,32,211
1561,0,61,575,25,3,33,38,295
1562,2,11,982,81,5,25.6,55,150
1563,2,38,1071,45,5,20.9,66,167
1564,0,55,586,48,4,25,49,369
1565,0,55,756,44,7,30.2,78,167
1566,0,55,538,26,3,27.8,39,283
1567,1,45,667,39,1,23.3,52,259
1568,1,25,912,57,2,17.5,62,208
1569,0,47,467,50,4,19.3,63,213
1570,0,60,538,35,2,31.1,42,213
1571,2,11,1800,39,4,23.2,60,235
1572,0,32,907,60,5,28.6,39,149
1573,0,30,1332,67,3,26,62,227
1574,0,43,413,40,4,21.8,39,229
1575,0,35,763,59,3,23,47,215
1576,0,52,348,51,4,21.5,57,102
1577,2,12,1156,78,4,28.8,29,146
1578,0,37,628,43,3,21.6,34,170
1579,2,0,1800,76,3,32.5,44,168
1580,3,44,595,29,6,26,38,208
1581,0,42,386,33,2,19.6,65,113
1582,2,33,1076,59,4,29.2,54,239
1583,1,21,1089,58,1,20.2,47,185
1584,1,15,1379,83,2,16.7,61,258
1585,0,28,1068,56,2,28.3,62,148
1586,2,0,1800,86,4,24.9,30,287
1587,2,5,1452,51,3,25.1,46,110
1588,0,39,694,48,4,17,45,250
1589,2,40,636,42,4,24.8,0,217
1590,0,18,1443,72,2,28.4,33,259
1591,0,43,1000,28,2,24.8,41,257
1592,0,30,1049,58,7,20.5,38,165
1593,3,0,1506,77,6,20.2,53,186
1594,0,35,803,47,4,24.8,34,267
1595,2,38,663,45,5,30.4,53,155
1596,0,20,1484,66,4,21.6,44,178
1597,2,47,538,36,5,28.5,51,304
1598,2,39,679,39,5,25,32,174
1599,0,55,461,28,3,20.2,66,178
1600,0,11,1710,59,4,27.6,43,214
1601,0,38,742,53,1,26.3,46,256
1602,1,33,1074,53,2,26.8,60,143
1603,2,9,1596,75,4,30.1,43,395
1604,0,43,593,36,4,22.5,69,30
1605,0,52,654,46,4,20.7,36,199
1606,0,37,669,24,2,15.2,39,156
1607,3,0,1534,58,7,22.3,34,219
1608,0,50,662,43,3,27.3,57,292
1609,0,41,814,43,2,32.1,64,130
1610,0,39,925,46,4,17.9,63,257
1611,0,50,592,51,2,23.3,29,216
1612,3,13,963,47,6,20.4,47,149
1613,2,8,1405,63,3,22.2,46,191
1614,2,10,1249,64,4,24.8,32,209
1615,0,11,1345,73,2,27.1,26,101
1616,2,13,1502,61,3,21.9,47,195
1617,2,18,996,51,4,18.8,40,241
1618,0,39,724,31,3,22.7,54,89
1619,0,30,900,43,3,19.8,40,108
1620,3,0,1751,81,6,18.6,40,299
1621,0,38,1041,45,5,20.6,49,183
1622,0,45,412,29,4,16.9,26,43
1623,0,41,792,42,2,26.3,43,250
1624,0,40,815,59,3,21.1,66,169
1625,0,66,426,40,4,25.7,42,306
1626,0,36,763,43,3,25.2,38,179
1627,0,27,1167,63,3,20.1,58,384
1628,0,24,1227,71,4,29.8,60,201
1629,0,44,889,64,4,24.8,65,269
1630,0,48,756,31,6,23.6,57,213
1631,3,10,985,61,6,30.6,55,125
1632,0,23,1179,52,4,16.8,43,41
1633,0,54,599,42,3,25.2,52,135
1634,2,34,592,44,5,25.8,38,194
1635,2,30,636,48,4,24.7,45,115
1636,0,40,995,51,5,15,63,236
1637,2,16,910,50,5,17.5,35,163
1638,0,22,1227,73,2,22.7,60,30
1639,2,31,652,51,3,21.7,39,268
1640,3,15,1173,65,8,25,50,250
1641,2,0,1302,71,3,18.9,46,244
1642,0,58,595,17,3,24.3,56,245
1643,0,42,1102,28,7,15.8,82,209
1644,0,51,497,38,4,23,61,190
1645,0,52,799,46,3,18.4,67,192
1646,0,46,621,49,4,25.8,55,88
1647,3,22,669,48,6,18.5,37,186
1648,2,10,1154,76,3,23.9,28,219
1649,0,55,487,55,3,22.1,71,292
1650,2,24,623,52,4,20.2,38,235
1651,2,38,939,42,4,25.2,43,365
1652,0,27,1308,43,6,25.4,66,115
1653,0,37,558,43,4,27.1,35,30
1654,0,44,781,54,3,22.3,61,107
1655,0,26,1294,59,3,20.9,62,374
1656,0,24,1066,45,6,23.1,23,212
1657,0,35,813,55,1,18.4,35,192
1658,1,37,719,48,2,21.9,56,139
1659,0,46,551,46,3,20.7,38,138
1660,0,36,878,37,3,23.9,40,146
1661,0,60,570,27,1,27.1,40,202
1662,3,32,900,29,8,32.3,74,167
1663,1,34,806,54,2,29.2,45,132
1664,0,39,963,42,5,21.9,46,179
1665,2,19,918,64,4,19.4,41,110
1666,2,30,680,70,5,23.9,51,292
1667,0,31,980,41,3,24.5,38,138
1668,0,37,1127,45,3,25.3,32,377
1669,0,41,680,44,4,18.7,30,245
1670,0,29,1227,54,2,21.3,51,147
1671,0,19,994,71,5,23.6,39,160
1672,0,22,1545,57,8,29.3,61,144
1673,2,3,1419,79,3,29.9,63,106
1674,3,35,496,46,8,21,44,82
1675,2,10,1281,58,5,18.9,18,160
1676,0,44,736,51,7,28.5,62,168
1677,3,41,599,38,7,25.3,60,336
1678,3,16,1015,72,7,24.5,48,331
1679,2,34,740,46,4,28.4,45,193
1680,0,43,989,41,1,27.5,44,330
1681,0,60,481,40,4,27.2,80,177
1682,0,53,510,36,3,22.1,41,257
1683,0,30,1195,40,6,23.2,49,255
1684,0,43,813,31,4,20.3,72,193
1685,0,48,810,31,7,25.8,44,204
1686,1,15,1485,60,1,24.7,51,205
1687,2,51,606,46,5,24.8,72,203
1688,1,36,963,48,2,30.7,54,40
1689,0,43,482,72,3,22.8,36,79
1690,0,45,861,34,3,20.2,39,213
1691,0,43,816,56,4,24.7,76,156
1692,1,25,999,71,1,26,59,191
1693,3,45,630,23,7,26.5,42,281
1694,3,4,1232,50,6,17,58,116
1695,0,53,463,53,3,17.6,58,299
1696,0,33,586,57,1,21,44,198
1697,0,46,800,21,8,21.4,33,111
1698,2,13,1241,64,3,24.1,61,197
1699,0,35,1159,58,1,22.4,60,273
1700,1,16,1096,68,2,26.1,41,186
1701,0,20,1283,63,5,20.9,49,61
1702,3,3,1256,72,6,23,37,107
1703,0,55,452,39,4,24.6,67,197
1704,0,49,816,50,3,23.8,48,257
1705,0,37,896,48,2,17.9,55,378
1706,2,3,1800,65,4,28.1,45,183
1707,0,42,833,37,3,23.5,45,306
1708,0,33,850,33,4,22.8,40,64
1709,0,39,832,40,4,16.5,38,265
1710,2,4,1489,68,4,24.3,42,262
1711,0,42,769,54,6,29.3,65,110
1712,3,28,853,64,8,29.1,63,197
1713,0,41,690,48,4,25.3,30,151
1714,0,43,661,47,4,20.1,51,159
1715,0,53,629,32,6,26.7,48,231
1716,0,43,859,42,7,26.8,36,264
1717,0,45,868,68,6,25.8,57,140
1718,1,0,1800,78,2,23.5,56,137
1719,0,56,561,32,2,25.6,45,109
1720,0,66,428,45,3,21.5,63,287
1721,0,61,460,11,4,24.4,54,199
1722,0,57,827,29,4,28.5,58,289
1723,2,11,1506,76,3,30,52,177
1724,3,20,1233,53,6,27.8,57,314
1725,3,6,1441,60,7,33,34,142
1726,2,59,383,39,5,22,50,335
1727,3,4,1458,65,7,19.6,51,274
1728,0,48,384,51,4,22.3,47,184
1729,2,44,984,25,5,25.2,58,302
1730,0,45,795,51,4,19.5,58,172
1731,0,57,652,32,4,22.4,58,304
1732,0,45,693,48,3,16,37,320
1733,2,42,638,21,4,27,12,229
1734,0,42,648,49,2,20.1,56,66
1735,2,24,727,70,5,23.9,55,225
1736,2,17,1244,56,4,28.9,52,236
1737,0,33,806,36,8,21.2,28,150
1738,3,37,423,72,6,22.9,60,178
1739,1,0,1800,53,2,23.5,44,100
1740,3,41,420,37,6,16.2,76,210
1741,0,34,845,68,3,22.7,40,299
1742,2,27,719,55,3,33.4,52,30
1743,0,44,976,37,3,23,59,194
1744,1,16,1138,66,2,25.3,0,266
1745,2,6,1277,78,3,24.9,62,215
1746,2,24,1168,73,3,24.7,34,231
1747,3,32,697,41,6,24.7,24,326
1748,0,42,420,32,3,20.6,37,173
1749,0,45,527,41,1,24.1,24,127
1750,2,5,1206,66,4,23.3,52,203
1751,0,21,1336,46,3,33.5,42,145
1752,3,39,608,17,8,23,50,208
